hospital_id,insurer_id,in_network,cashless,tariff_discount_pct
sanjeevani-jayanagar,meridian,yes,yes,12
sanjeevani-jayanagar,pmjay,yes,yes,0
sanjeevani-jayanagar,ridgeway,yes,yes,10
kaveri-whitefield,meridian,yes,yes,8
kaveri-whitefield,pmjay,no,no,0
kaveri-whitefield,ridgeway,yes,yes,7
vasavi-rajajinagar,meridian,yes,yes,14
vasavi-rajajinagar,pmjay,no,no,0
vasavi-rajajinagar,ridgeway,yes,yes,11
nandi-hebbal,meridian,yes,yes,10
nandi-hebbal,pmjay,no,no,0
nandi-hebbal,ridgeway,yes,yes,9
aloysius-shivajinagar,meridian,yes,yes,18
aloysius-shivajinagar,pmjay,yes,yes,0
aloysius-shivajinagar,ridgeway,no,no,0
prakruthi-malleshwaram,meridian,yes,yes,9
prakruthi-malleshwaram,pmjay,no,no,0
prakruthi-malleshwaram,ridgeway,yes,yes,8
chinmaya-indiranagar,meridian,yes,yes,11
chinmaya-indiranagar,pmjay,no,no,0
chinmaya-indiranagar,ridgeway,yes,yes,10
tarangini-banashankari,meridian,yes,yes,15
tarangini-banashankari,pmjay,yes,yes,0
tarangini-banashankari,ridgeway,no,no,0
sirsi-chamarajpet,meridian,yes,yes,22
sirsi-chamarajpet,pmjay,yes,yes,0
sirsi-chamarajpet,ridgeway,no,no,0
bggh-chamarajpet,meridian,no,no,0
bggh-chamarajpet,pmjay,yes,yes,0
bggh-chamarajpet,ridgeway,no,no,0
hosahalli-peenya,meridian,no,no,0
hosahalli-peenya,pmjay,yes,yes,0
hosahalli-peenya,ridgeway,no,no,0
vanivilas-krmarket,meridian,no,no,0
vanivilas-krmarket,pmjay,yes,yes,0
vanivilas-krmarket,ridgeway,no,no,0
meenakshi-koramangala,meridian,no,no,0
meenakshi-koramangala,pmjay,no,no,0
meenakshi-koramangala,ridgeway,yes,yes,12
ashwini-sadashivanagar,meridian,no,no,0
ashwini-sadashivanagar,pmjay,no,no,0
ashwini-sadashivanagar,ridgeway,yes,yes,9
