id,name,type,area,city,lat,lng,phone,accreditation,specialties,emergency_24x7,icu_beds,total_beds,rating,admission_wait_hours,schemes,source,source_as_of,source_reference
sanjeevani-jayanagar,Sanjeevani Multispeciality Hospital,multi_specialty,Jayanagar,Bengaluru,12.9256,77.5836,080 2663 4400,NABH Entry Level; NABL,Cardiology; General Surgery; Orthopaedics; Nephrology; Internal Medicine; Obstetrics,yes,34,280,4.3,2,PM-JAY; Arogya Karnataka,illustrative,,
kaveri-whitefield,Kaveri Institute of Medical Sciences,super_specialty,Whitefield,Bengaluru,12.9721,77.7499,080 4122 9000,NABH Full; NABL; JCI,Cardiology; Cardiothoracic Surgery; Neurology; Oncology; Orthopaedics; General Surgery; Critical Care,yes,78,520,4.7,1,,illustrative,,
vasavi-rajajinagar,Vasavi Heart and Vascular Centre,super_specialty,Rajajinagar,Bengaluru,12.9905,77.5537,080 2332 1188,NABH Full; NABL,Cardiology; Cardiothoracic Surgery; Critical Care; Internal Medicine,yes,44,190,4.6,1,Arogya Karnataka,illustrative,,
nandi-hebbal,Nandi Hills Super Speciality Hospital,super_specialty,Hebbal,Bengaluru,13.0369,77.5921,080 2845 7700,NABH Full,Neurology; Neurosurgery; Orthopaedics; General Surgery; Critical Care; Nephrology,yes,56,340,4.5,2,,illustrative,,
aloysius-shivajinagar,St. Aloysius Mission Hospital,trust,Shivajinagar,Bengaluru,12.9847,77.6058,080 2286 1200,NABH Entry Level,General Surgery; Internal Medicine; Obstetrics; Paediatrics; Orthopaedics,yes,22,210,4.2,3,PM-JAY; Arogya Karnataka; ESI referral,illustrative,,
prakruthi-malleshwaram,Prakruthi Mother and Child Hospital,multi_specialty,Malleshwaram,Bengaluru,13.0032,77.5712,080 2334 6611,NABH Full; NABL,Obstetrics; Gynaecology; Neonatology; Paediatrics; General Surgery,yes,18,140,4.6,2,,illustrative,,
chinmaya-indiranagar,Chinmaya General Hospital,multi_specialty,Indiranagar,Bengaluru,12.9779,77.6392,080 2521 4400,NABH Entry Level; NABL,Internal Medicine; General Surgery; Orthopaedics; Gastroenterology; Cardiology,yes,26,195,4.1,2,Arogya Karnataka,illustrative,,
tarangini-banashankari,Tarangini Speciality Hospital,multi_specialty,Banashankari,Bengaluru,12.9254,77.5461,080 2671 9900,NABH Entry Level,General Surgery; Internal Medicine; Orthopaedics; Ophthalmology; Nephrology,yes,20,165,4,3,PM-JAY; Arogya Karnataka,illustrative,,
sirsi-chamarajpet,Sirsi Circle Trauma and Emergency Centre,government,Chamarajpet,Bengaluru,12.9588,77.5719,080 2670 1100,NABH Entry Level,Emergency Medicine; Trauma Surgery; Orthopaedics; Neurosurgery; Critical Care,yes,40,300,3.9,4,PM-JAY; Arogya Karnataka; ESI referral,illustrative,,
bggh-chamarajpet,Bengaluru Government General Hospital,government,Chamarajpet,Bengaluru,12.9612,77.5688,080 2670 4455,NABH Entry Level,Internal Medicine; General Surgery; Obstetrics; Paediatrics; Nephrology; Oncology,yes,52,750,3.6,6,PM-JAY; Arogya Karnataka; ESI referral,illustrative,,
hosahalli-peenya,Hosahalli Community Health Centre,government,Peenya,Bengaluru,13.0291,77.5188,080 2839 2200,,Internal Medicine; Obstetrics; Paediatrics; General Surgery,no,6,90,3.4,5,PM-JAY; Arogya Karnataka,illustrative,,
vanivilas-krmarket,Vani Vilas District Hospital Annexe,government,KR Market,Bengaluru,12.9639,77.5751,080 2670 8899,NABH Entry Level,Obstetrics; Paediatrics; Neonatology; Gynaecology,yes,14,220,3.8,4,PM-JAY; Arogya Karnataka,illustrative,,
meenakshi-koramangala,Meenakshi Orthopaedic and Spine Institute,super_specialty,Koramangala,Bengaluru,12.9345,77.6221,080 4114 7700,NABH Full; NABL,Orthopaedics; Spine Surgery; Sports Medicine; Rheumatology; Physiotherapy,yes,16,130,4.6,2,,illustrative,,
ashwini-sadashivanagar,Ashwini Neuro Centre,super_specialty,Sadashivanagar,Bengaluru,13.0071,77.5798,080 2361 5500,NABH Full,Neurology; Neurosurgery; Critical Care; Interventional Radiology,yes,30,120,4.5,1,,illustrative,,
